customer_id,age,tenure,monthly_charges,contract_type,payment_method,total_charges,churn
1,56,15,1952.6266300262816,Yearly,Debit Card,29289.399450394223,0
2,69,64,776.6778937113177,Monthly,UPI,49707.38519752433,0
3,46,28,2583.5972681757303,Yearly,Credit Card,72340.72350892045,0
4,32,39,1506.8498682863874,Yearly,Debit Card,58767.14486316911,0
5,60,57,1638.9026392210374,Yearly,UPI,93417.45043559912,0
6,25,17,1744.2628351535468,Monthly,UPI,29652.468197610295,0
7,38,44,4074.221719813518,Yearly,Debit Card,179265.7556717948,0
8,56,25,2834.058000373696,Monthly,Debit Card,70851.4500093424,0
9,36,17,1763.1461860332172,Yearly,Credit Card,29973.48516256469,0
10,40,13,3168.5687815613164,Yearly,Credit Card,41191.39416029712,0
11,28,25,3665.9081688490096,Monthly,UPI,91647.70422122524,0
12,28,68,1581.3328034476087,Yearly,Debit Card,107530.63063443739,0
13,41,10,2243.680777169152,Monthly,Debit Card,22436.80777169152,1
14,53,67,872.8646386836535,Monthly,Debit Card,58481.930791804785,0
15,57,18,1151.4019428129975,Monthly,UPI,20725.234970633956,0
16,41,34,3501.2539136354194,Yearly,Debit Card,119042.63306360425,0
17,20,8,1152.7602341694467,Yearly,Debit Card,9222.081873355573,0
18,39,40,2768.267903235183,Yearly,UPI,110730.71612940732,0
19,19,42,3632.5174300954336,Monthly,Credit Card,152565.73206400822,0
20,41,41,802.3215385452961,Yearly,Credit Card,32895.18308035714,0
21,61,6,2966.367432255847,Monthly,UPI,17798.20459353508,1
22,47,52,1505.8450833964098,Yearly,Debit Card,78303.9443366133,0
23,55,26,4825.756313616625,Monthly,UPI,125469.66415403226,0
24,19,64,2572.6645395836463,Monthly,Credit Card,164650.53053335336,0
25,38,59,4088.164983943243,Monthly,Credit Card,241201.73405265133,0
26,50,56,2886.0647481344304,Yearly,UPI,161619.6258955281,0
27,29,59,504.0389044176501,Monthly,UPI,29738.295360641354,0
28,39,70,3275.811465291905,Monthly,Credit Card,229306.80257043333,0
29,61,33,4771.595708371288,Monthly,UPI,157462.6583762525,0
30,42,53,3127.5755546877567,Monthly,Credit Card,165761.5043984511,0
31,66,22,4150.187639305914,Monthly,UPI,91304.1280647301,0
32,44,21,4455.770377737516,Monthly,UPI,93571.17793248784,0
33,59,70,1371.9749281599827,Yearly,UPI,96038.24497119879,0
34,45,70,1296.6107475686654,Yearly,Credit Card,90762.75232980658,0
35,33,4,3171.610647599661,Monthly,UPI,12686.442590398645,1
36,32,62,2231.833808091512,Yearly,Credit Card,138373.69610167373,0
37,64,62,4247.3481234735855,Yearly,Credit Card,263335.5836553623,0
38,68,24,4530.108679970653,Monthly,UPI,108722.60831929566,0
39,61,55,1961.080482722775,Monthly,UPI,107859.42654975262,0
40,69,9,1413.2916271800657,Monthly,Credit Card,12719.624644620591,0
41,20,3,3968.4699216461504,Yearly,Credit Card,11905.409764938451,1
42,54,31,1591.5883670762396,Monthly,Debit Card,49339.239379363426,0
43,68,40,4166.287297014289,Yearly,Credit Card,166651.49188057156,0
44,24,36,2291.5697921491856,Monthly,Debit Card,82496.51251737068,0
45,38,24,3437.4845266699112,Yearly,Debit Card,82499.62864007786,0
46,26,6,749.0159750229404,Monthly,Debit Card,4494.095850137643,0
47,56,66,3232.138825979893,Monthly,UPI,213321.16251467296,0
48,35,4,2423.308090064977,Yearly,UPI,9693.232360259908,1
49,21,6,3057.0597769247283,Yearly,Credit Card,18342.35866154837,1
50,42,51,1089.666776400858,Yearly,Debit Card,55573.005596443756,0
51,31,62,3763.3066012376557,Yearly,UPI,233325.00927673467,0
52,67,57,4355.146264453175,Yearly,UPI,248243.33707383097,0
53,26,66,1318.6770604266455,Yearly,UPI,87032.6859881586,0
54,43,8,749.8584109447602,Monthly,UPI,5998.867287558081,0
55,19,26,411.10135441778107,Yearly,UPI,10688.635214862308,0
56,37,51,3317.26605208335,Monthly,Debit Card,169180.56865625086,0
57,45,45,3153.3419696172696,Monthly,Debit Card,141900.38863277712,0
58,64,44,2869.477839756129,Yearly,Debit Card,126257.02494926967,0
59,24,5,1390.1513517450844,Monthly,Debit Card,6950.756758725422,0
60,61,70,2137.258180755919,Yearly,Credit Card,149608.07265291433,0
61,25,26,3094.0387753750133,Yearly,Debit Card,80445.00815975034,0
62,64,68,2634.804236638096,Monthly,UPI,179166.68809139053,0
63,52,19,4942.59194500997,Monthly,Debit Card,93909.24695518943,0
64,31,20,941.2668370166457,Yearly,Credit Card,18825.336740332914,0
65,34,12,3567.179404023691,Yearly,UPI,42806.15284828429,0
66,53,47,2200.2982100901727,Monthly,Debit Card,103414.01587423812,0
67,67,1,2312.5381901503893,Monthly,Debit Card,2312.5381901503893,1
68,57,14,3672.709498593428,Monthly,Debit Card,51417.932980307996,0
69,21,64,3554.449911224537,Monthly,UPI,227484.79431837038,0
70,19,38,4958.9031704002855,Yearly,UPI,188438.32047521084,0
71,23,37,903.4531604343886,Yearly,Credit Card,33427.766936072374,0
72,59,11,789.3153521055817,Yearly,UPI,8682.468873161399,0
73,21,3,3704.3924405050834,Yearly,UPI,11113.17732151525,1
74,46,33,3018.4185099301226,Monthly,Debit Card,99607.81082769405,0
75,35,6,1588.5551328310876,Monthly,UPI,9531.330796986525,0
76,43,50,673.271034248237,Yearly,Debit Card,33663.55171241185,0
77,61,10,702.5937731032235,Yearly,Debit Card,7025.937731032235,0
78,51,5,4502.6971109213555,Yearly,UPI,22513.485554606777,1
79,27,23,1201.7764261780917,Yearly,Credit Card,27640.85780209611,0
80,53,10,1819.8463419429477,Yearly,Credit Card,18198.463419429478,0
81,31,44,1365.2850904668437,Yearly,UPI,60072.54398054112,0
82,48,2,1968.4826374101053,Yearly,Credit Card,3936.9652748202107,0
83,65,13,626.2920609066389,Yearly,Debit Card,8141.796791786305,0
84,32,40,2739.5810172688707,Yearly,Debit Card,109583.24069075483,0
85,25,2,617.77904888341,Monthly,UPI,1235.55809776682,0
86,31,65,4061.6755867650995,Yearly,Credit Card,264008.91313973145,0
87,40,63,1398.446784979035,Monthly,Credit Card,88102.14745367921,0
88,57,17,2838.0559986412,Monthly,Debit Card,48246.9519769004,0
89,38,9,4436.371711538854,Yearly,UPI,39927.345403849686,1
90,33,15,3359.1236345218126,Yearly,Credit Card,50386.85451782719,0
91,62,24,2804.901596791276,Monthly,UPI,67317.63832299062,0
92,35,38,1824.3686396422654,Monthly,Credit Card,69326.00830640609,0
93,64,35,1865.1089913735302,Yearly,Debit Card,65278.814698073555,0
94,41,49,3446.5886894314935,Monthly,Debit Card,168882.84578214318,0
95,43,69,4972.454997739487,Yearly,UPI,343099.3948440246,0
96,42,62,3410.6441922920794,Yearly,Debit Card,211459.93992210893,0
97,62,60,2921.582061639117,Yearly,Credit Card,175294.92369834703,0
98,58,50,3734.0573981244565,Monthly,Debit Card,186702.86990622283,0
99,46,9,2486.4663777334754,Monthly,UPI,22378.19739960128,1
100,32,34,582.6690102236905,Yearly,UPI,19810.746347605476,0
101,62,35,2942.795034626176,Monthly,UPI,102997.82621191615,0
102,18,1,4800.838837175287,Monthly,Credit Card,4800.838837175287,1
103,42,40,1123.9238290810003,Monthly,Credit Card,44956.95316324002,0
104,24,64,3543.022986857129,Monthly,Credit Card,226753.47115885626,0
105,26,22,1244.3883366975656,Monthly,Credit Card,27376.543407346442,0
106,41,60,2818.390117023482,Monthly,Credit Card,169103.40702140893,0
107,18,64,754.3793133395823,Monthly,Debit Card,48280.276053733265,0
108,61,11,2416.74340041347,Yearly,Credit Card,26584.177404548172,1
109,25,14,3853.9676458076565,Monthly,Credit Card,53955.54704130719,0
110,41,60,1933.5861639232157,Monthly,Debit Card,116015.16983539294,0
111,28,30,3425.0851050899246,Monthly,Credit Card,102752.55315269774,0
112,68,35,4038.6148157117273,Monthly,UPI,141351.51854991046,0
113,34,37,4657.735751553428,Monthly,Credit Card,172336.22280747682,0
114,25,5,1402.8177847206316,Monthly,Credit Card,7014.088923603158,0
115,52,26,2176.7848043037484,Monthly,UPI,56596.40491189746,0
116,52,62,1016.355262652962,Monthly,UPI,63014.02628448364,0
117,50,4,4964.672460144364,Yearly,UPI,19858.689840577455,1
118,22,42,4656.904549244188,Monthly,UPI,195589.9910682559,0
119,59,18,2837.79851231863,Monthly,Credit Card,51080.37322173534,0
120,56,40,4257.55648356918,Monthly,UPI,170302.2593427672,0
121,58,39,2748.5024931785983,Monthly,UPI,107191.59723396534,0
122,45,14,3230.8527336129705,Yearly,Debit Card,45231.93827058159,0
123,24,32,718.884830945278,Yearly,UPI,23004.314590248898,0
124,26,51,3849.770976334997,Yearly,UPI,196338.31979308487,0
125,25,38,900.2533730856037,Yearly,Debit Card,34209.62817725294,0
126,29,23,4182.517862186884,Yearly,Debit Card,96197.91083029832,0
127,51,63,3975.5320120508136,Yearly,Credit Card,250458.51675920124,0
128,50,15,3631.1000793919893,Yearly,Debit Card,54466.50119087984,0
129,65,25,469.953788466382,Yearly,Credit Card,11748.844711659549,0
130,40,17,1724.7032729430446,Yearly,Debit Card,29319.955640031756,0
131,41,66,1536.6290785809615,Yearly,Debit Card,101417.51918634346,0
132,54,53,1992.6411151161396,Yearly,Credit Card,105609.9791011554,0
133,52,51,711.9209097900412,Yearly,Debit Card,36307.9663992921,0
134,61,39,4703.7017682459955,Yearly,Credit Card,183444.36896159383,0
135,57,51,2902.8705313481687,Yearly,Debit Card,148046.3970987566,0
136,39,70,1735.9642600927107,Yearly,UPI,121517.49820648975,0
137,44,6,2165.813130249132,Yearly,Debit Card,12994.878781494792,1
138,52,67,2401.8519403727278,Monthly,Credit Card,160924.08000497275,0
139,18,7,3122.7933667949014,Yearly,Debit Card,21859.55356756431,1
140,52,51,2723.6933101735394,Monthly,Credit Card,138908.3588188505,0
141,54,42,4621.142274107761,Yearly,Credit Card,194087.97551252597,0
142,64,64,2635.7283696574023,Yearly,UPI,168686.61565807374,0
143,31,15,4963.14266966957,Monthly,UPI,74447.14004504355,0
144,20,29,4301.6973014019495,Yearly,Credit Card,124749.22174065653,0
145,18,33,1279.9994174794783,Monthly,Debit Card,42239.980776822784,0
146,22,27,4673.797508826407,Monthly,Credit Card,126192.53273831298,0
147,43,36,846.9220700617376,Monthly,Credit Card,30489.194522222555,0
148,31,29,4142.013629908601,Yearly,Debit Card,120118.39526734942,0
149,56,38,2088.9294793399263,Yearly,Debit Card,79379.3202149172,0
150,44,57,4426.479306091826,Yearly,Debit Card,252309.32044723412,0
151,26,27,4379.866443505017,Monthly,Debit Card,118256.39397463546,0
152,32,55,4087.849380552819,Monthly,Credit Card,224831.71593040504,0
153,32,33,4013.1430506431884,Yearly,Credit Card,132433.72067122522,0
154,43,68,1731.9919537607916,Yearly,UPI,117775.45285573383,0
155,59,66,680.3206303408853,Yearly,Credit Card,44901.161602498425,0
156,30,10,2194.006840196259,Yearly,Debit Card,21940.06840196259,1
157,68,5,1115.5652204365906,Yearly,UPI,5577.826102182953,0
158,49,38,3566.27011784157,Monthly,Debit Card,135518.26447797965,0
159,56,13,1926.668714727592,Monthly,Credit Card,25046.693291458698,0
160,66,31,4885.3679440416,Monthly,UPI,151446.4062652896,0
161,69,47,3312.5687635230606,Yearly,Debit Card,155690.73188558384,0
162,49,52,4165.658649081497,Monthly,UPI,216614.24975223784,0
163,21,56,922.8659618866876,Monthly,UPI,51680.493865654505,0
164,47,15,4351.468066681326,Monthly,Credit Card,65272.02100021989,0
165,54,29,4636.958795412954,Monthly,Debit Card,134471.80506697565,0
166,40,8,2589.191018448999,Monthly,UPI,20713.52814759199,1
167,56,5,3149.388807429594,Yearly,UPI,15746.94403714797,1
168,62,29,3894.6060642440784,Monthly,Debit Card,112943.57586307828,0
169,32,47,1121.741548123939,Yearly,UPI,52721.85276182514,0
170,60,68,2662.0605593781793,Yearly,UPI,181020.1180377162,0
171,46,45,2173.7162305298716,Yearly,UPI,97817.23037384423,0
172,53,2,987.9577631625708,Yearly,Debit Card,1975.9155263251416,0
173,30,27,2027.4117847701978,Yearly,Debit Card,54740.11818879534,0
174,49,36,620.4098541118198,Monthly,Debit Card,22334.754748025513,0
175,24,36,421.31596266258884,Monthly,Debit Card,15167.374655853198,0
176,68,26,935.281559027667,Yearly,Credit Card,24317.32053471934,0
177,39,43,4826.641024469117,Yearly,UPI,207545.56405217203,0
178,45,27,2882.7888187065796,Yearly,Debit Card,77835.29810507764,0
179,19,69,4839.364157420134,Monthly,UPI,333916.1268619892,0
180,59,20,2332.74002815162,Yearly,UPI,46654.800563032404,0
181,62,11,1765.53582550072,Monthly,Credit Card,19420.89408050792,0
182,23,38,2678.8667553491473,Yearly,Debit Card,101796.9367032676,0
183,45,6,2365.7049365746775,Monthly,Debit Card,14194.229619448066,1
184,45,23,796.6240160301963,Yearly,UPI,18322.352368694515,0
185,61,47,3311.883679043969,Monthly,Debit Card,155658.53291506655,0
186,61,46,1315.379457795118,Yearly,UPI,60507.455058575426,0
187,37,12,3212.063388019799,Monthly,UPI,38544.76065623759,0
188,47,13,3355.945134271321,Monthly,Credit Card,43627.28674552717,0
189,28,62,1014.5168097046461,Monthly,Credit Card,62900.04220168806,0
190,45,60,588.3432474201404,Monthly,Credit Card,35300.59484520843,0
191,42,43,3969.5794545216672,Monthly,UPI,170691.9165444317,0
192,56,68,2461.0619917158047,Monthly,Debit Card,167352.2154366747,0
193,50,5,573.3698388757361,Monthly,Credit Card,2866.8491943786807,0
194,18,37,4975.871690697905,Yearly,Debit Card,184107.2525558225,0
195,44,31,571.5686366829232,Yearly,Credit Card,17718.627737170616,0
196,69,9,3566.6655756351997,Yearly,Credit Card,32099.9901807168,1
197,30,51,4923.290948738044,Yearly,UPI,251087.83838564024,0
198,58,29,1424.1464898148504,Yearly,Credit Card,41300.24820463066,0
199,20,40,968.572032829822,Monthly,Credit Card,38742.88131319288,0
200,56,41,870.5092152854158,Monthly,UPI,35690.87782670205,0
201,23,11,1725.393193567699,Monthly,Debit Card,18979.325129244688,0
202,25,23,774.9153117500395,Monthly,Credit Card,17823.052170250907,0
203,44,1,3553.15830596242,Monthly,UPI,3553.15830596242,1
204,26,46,592.7714512112947,Yearly,Credit Card,27267.486755719554,0
205,54,21,2694.2840023040117,Yearly,UPI,56579.964048384245,0
206,50,36,4984.475213108991,Yearly,Debit Card,179441.10767192367,0
207,68,54,4125.660266678288,Yearly,Debit Card,222785.65440062757,0
208,59,57,3191.5313596857513,Monthly,UPI,181917.28750208783,0
209,61,1,1739.3920176970748,Monthly,UPI,1739.3920176970748,0
210,41,63,3232.3104305707006,Monthly,UPI,203635.55712595413,0
211,32,54,2777.0948803847627,Yearly,Debit Card,149963.1235407772,0
212,49,55,2302.591904284746,Monthly,Credit Card,126642.55473566102,0
213,49,40,914.3387706789375,Yearly,Debit Card,36573.5508271575,0
214,41,15,4467.039811630194,Monthly,UPI,67005.59717445291,0
215,58,21,2413.987849460216,Monthly,UPI,50693.744838664534,0
216,69,47,1214.7258055575958,Yearly,Debit Card,57092.112861207,0
217,66,53,2028.4689491232612,Monthly,UPI,107508.85430353285,0
218,66,9,2246.409836885957,Monthly,Debit Card,20217.68853197361,1
219,69,52,4189.42810916431,Yearly,UPI,217850.2616765441,0
220,29,57,3747.98758863859,Monthly,Credit Card,213635.29255239962,0
221,56,26,3915.7330001142973,Yearly,Credit Card,101809.05800297172,0
222,19,41,351.8469428146419,Monthly,UPI,14425.72465540032,0
223,20,35,2255.923791444879,Monthly,Debit Card,78957.33270057077,0
224,66,63,2562.317512686021,Monthly,Credit Card,161426.00329921933,0
225,54,25,390.2037010683664,Monthly,Debit Card,9755.09252670916,0
226,66,38,1521.1220811016608,Monthly,UPI,57802.63908186311,0
227,34,2,3873.3621686740344,Monthly,Debit Card,7746.724337348069,1
228,66,7,944.4156169262956,Monthly,Credit Card,6610.909318484069,0
229,19,34,2815.957617827181,Monthly,Debit Card,95742.55900612415,0
230,19,17,1311.4487984810162,Yearly,Debit Card,22294.629574177274,0
231,45,43,356.9676408262984,Yearly,UPI,15349.608555530831,0
232,40,59,1433.646850717845,Monthly,UPI,84585.16419235285,0
233,54,51,4886.606648077252,Monthly,UPI,249216.93905193987,0
234,49,54,4067.224425850051,Yearly,Credit Card,219630.11899590274,0
235,50,24,4810.010228308857,Monthly,Credit Card,115440.24547941258,0
236,18,25,2592.9140064539033,Monthly,UPI,64822.85016134758,0
237,36,71,815.7601337842665,Yearly,UPI,57918.96949868292,0
238,19,52,2875.4095981763567,Monthly,Credit Card,149521.29910517053,0
239,61,70,2435.5734724318163,Monthly,Credit Card,170490.14307022715,0
240,43,33,4268.478288876195,Yearly,Credit Card,140859.7835329144,0
241,49,49,760.9881296859496,Monthly,Credit Card,37288.41835461153,0
242,23,29,2594.7333440023576,Monthly,UPI,75247.26697606838,0
243,49,63,1005.228724061726,Yearly,Credit Card,63329.40961588874,0
244,21,22,1825.976856383282,Monthly,UPI,40171.490840432205,0
245,28,26,3765.5782637226584,Yearly,Debit Card,97905.03485678912,0
246,34,28,2537.2852080332027,Monthly,Debit Card,71043.98582492968,0
247,55,49,2066.6749401851157,Monthly,Credit Card,101267.07206907067,0
248,41,71,2154.0385092791657,Yearly,Debit Card,152936.73415882076,0
249,22,49,2459.399811508137,Yearly,Debit Card,120510.59076389873,0
250,69,20,3989.577756034167,Monthly,Debit Card,79791.55512068335,0
251,51,63,4492.798038019102,Yearly,Credit Card,283046.27639520343,0
252,23,61,4790.073026568463,Yearly,Credit Card,292194.4546206763,0
253,39,49,3998.445915399887,Monthly,Debit Card,195923.84985459445,0
254,28,71,1782.4124100156598,Monthly,UPI,126551.28111111185,0
255,65,1,3534.233118606748,Monthly,Debit Card,3534.233118606748,1
256,33,13,2356.734683060342,Yearly,Credit Card,30637.550879784445,0
257,50,51,1496.9519236164406,Yearly,Credit Card,76344.54810443847,0
258,26,56,4252.096423301837,Yearly,Credit Card,238117.39970490284,0
259,23,62,480.6038401229275,Yearly,Debit Card,29797.438087621507,0
260,33,32,4538.281363036491,Monthly,UPI,145225.0036171677,0
261,46,30,2468.9440837362504,Yearly,Credit Card,74068.32251208751,0
262,20,29,3294.846940998918,Monthly,Credit Card,95550.56128896862,0
263,37,49,3398.9634343671787,Yearly,Debit Card,166549.20828399176,0
264,53,45,4507.053381320721,Monthly,UPI,202817.40215943244,0
265,36,30,3292.3475061858744,Monthly,Debit Card,98770.42518557623,0
266,43,16,3185.4878483722905,Monthly,Credit Card,50967.80557395665,0
267,20,40,613.2645906352428,Yearly,UPI,24530.583625409712,0
268,36,19,2736.517703142459,Monthly,UPI,51993.83635970672,0
269,37,18,1005.7943038400957,Monthly,Credit Card,18104.297469121724,0
270,49,1,3765.9387129909824,Yearly,UPI,3765.9387129909824,1
271,24,47,2707.44302781957,Monthly,UPI,127249.82230751979,0
272,69,66,3497.0705622792607,Yearly,Debit Card,230806.6571104312,0
273,58,38,495.86263283120604,Yearly,Credit Card,18842.78004758583,0
274,50,51,698.5224754152752,Monthly,Credit Card,35624.646246179036,0
275,57,63,3666.7199238946064,Monthly,Credit Card,231003.3552053602,0
276,56,4,638.7963791937648,Yearly,Credit Card,2555.185516775059,0
277,35,1,634.9066204967154,Monthly,Credit Card,634.9066204967154,0
278,57,8,356.90983360397104,Yearly,UPI,2855.2786688317683,0
279,18,29,4795.5565720075565,Yearly,Debit Card,139071.14058821913,0
280,28,55,3766.289289457333,Yearly,Credit Card,207145.9109201533,0
281,45,3,1960.2816199597016,Monthly,Debit Card,5880.844859879105,0
282,42,32,1693.7172320519796,Yearly,Debit Card,54198.95142566335,0
283,67,10,1943.605179805493,Monthly,UPI,19436.05179805493,0
284,40,34,3940.871596551555,Monthly,Credit Card,133989.63428275287,0
285,48,55,3408.4418720309477,Monthly,UPI,187464.3029617021,0
286,47,32,1170.4191689770992,Monthly,Credit Card,37453.41340726717,0
287,59,50,1118.3138760701963,Yearly,UPI,55915.693803509814,0
288,52,7,762.4595536529673,Monthly,Debit Card,5337.216875570772,0
289,24,8,3403.4227825962894,Yearly,Credit Card,27227.382260770315,1
290,33,65,3892.551512442159,Yearly,Debit Card,253015.84830874033,0
291,43,57,1545.718213127519,Monthly,Debit Card,88105.93814826859,0
292,65,67,398.4413168452902,Yearly,UPI,26695.568228634445,0
293,69,59,686.2068371392086,Yearly,Credit Card,40486.203391213305,0
294,66,54,4848.942163771643,Monthly,Debit Card,261842.87684366872,0
295,19,67,1688.5904541438751,Yearly,UPI,113135.56042763963,0
296,18,51,3915.348794839228,Yearly,Credit Card,199682.78853680062,0
297,65,8,3235.9187736150398,Yearly,Credit Card,25887.350188920318,1
298,29,34,2095.116306368611,Yearly,Debit Card,71233.95441653277,0
299,22,35,1266.730132319109,Monthly,Credit Card,44335.554631168816,0
300,54,32,870.5161653492103,Yearly,Debit Card,27856.51729117473,0
301,49,46,3190.560949782673,Yearly,Credit Card,146765.80369000297,0
302,26,16,3940.7787689976035,Yearly,UPI,63052.460303961656,0
303,58,68,3326.3499916433143,Yearly,Debit Card,226191.79943174537,0
304,52,37,2792.420026271044,Monthly,Debit Card,103319.54097202864,0
305,36,54,497.17075012869043,Yearly,Credit Card,26847.220506949285,0
306,65,14,4851.897254693604,Monthly,Credit Card,67926.56156571045,0
307,33,55,4053.9567007765004,Yearly,Debit Card,222967.61854270753,0
308,20,48,1676.2635724945342,Monthly,Credit Card,80460.65147973764,0
309,37,7,4905.860547986598,Monthly,UPI,34341.02383590619,1
310,41,7,3128.8434712907138,Monthly,Credit Card,21901.904299034995,1
311,50,33,3037.3864935740585,Monthly,UPI,100233.75428794393,0
312,41,23,3815.943943318801,Monthly,UPI,87766.71069633242,0
313,69,19,4115.318004023647,Yearly,UPI,78191.04207644929,0
314,28,19,3385.4494544580625,Yearly,UPI,64323.539634703186,0
315,66,36,902.0500079211401,Yearly,UPI,32473.800285161044,0
316,25,29,1889.8572781741425,Monthly,Credit Card,54805.86106705013,0
317,53,60,4661.993109532434,Yearly,UPI,279719.58657194604,0
318,55,2,1355.693375666104,Monthly,Credit Card,2711.386751332208,0
319,57,1,2049.1850120363124,Monthly,UPI,2049.1850120363124,1
320,37,47,2330.7613498377214,Yearly,Debit Card,109545.78344237291,0
321,52,69,2365.2034515639252,Yearly,UPI,163199.03815791084,0
322,65,20,3180.81603772427,Monthly,Debit Card,63616.320754485394,0
323,42,11,4732.456437400126,Monthly,UPI,52057.02081140138,1
324,52,2,1431.2557456127734,Yearly,UPI,2862.5114912255467,0
325,42,67,871.0564686143149,Yearly,UPI,58360.783397159095,0
326,46,12,1228.1113023417054,Yearly,Debit Card,14737.335628100464,0
327,35,20,4468.547030983566,Yearly,Debit Card,89370.94061967132,0
328,63,5,3335.310819479468,Monthly,UPI,16676.55409739734,1
329,35,37,1643.7619094240526,Yearly,Credit Card,60819.190648689946,0
330,19,38,4134.950613152501,Yearly,UPI,157128.12329979506,0
331,52,9,4348.438982908149,Yearly,Debit Card,39135.95084617334,1
332,33,53,4278.617391844307,Monthly,UPI,226766.7217677483,0
333,58,44,4618.954708105906,Monthly,Debit Card,203234.00715665988,0
334,53,24,1485.5327948147994,Monthly,Debit Card,35652.787075555185,0
335,50,30,3848.697065107508,Monthly,Debit Card,115460.91195322524,0
336,21,59,2464.535637188458,Yearly,UPI,145407.60259411903,0
337,50,14,4257.39319858329,Monthly,Debit Card,59603.504780166055,0
338,31,9,3723.906182659582,Yearly,Debit Card,33515.15564393624,1
339,38,40,3949.302998548706,Yearly,UPI,157972.11994194824,0
340,65,66,3383.960637101036,Yearly,Debit Card,223341.40204866836,0
341,37,25,1133.9152165076223,Yearly,UPI,28347.880412690556,0
342,25,22,2861.6265188156103,Monthly,Debit Card,62955.78341394343,0
343,24,4,4927.947775765188,Monthly,Credit Card,19711.791103060754,1
344,20,26,4705.723912536459,Monthly,Credit Card,122348.82172594793,0
345,34,58,502.9165582459549,Yearly,Debit Card,29169.160378265384,0
346,50,29,1074.6296339283545,Yearly,Credit Card,31164.25938392228,0
347,65,37,919.125235236441,Yearly,UPI,34007.63370374832,0
348,29,70,3712.1055769308887,Yearly,Credit Card,259847.3903851622,0
349,68,18,4143.591050327642,Yearly,Debit Card,74584.63890589755,0
350,39,42,1303.503421660158,Monthly,Debit Card,54747.14370972663,0
351,39,41,2677.5076568735963,Yearly,UPI,109777.81393181745,0
352,63,38,4251.30423165264,Monthly,Debit Card,161549.56080280032,0
353,47,34,3744.167260401378,Yearly,UPI,127301.68685364685,0
354,55,17,2848.514865811687,Yearly,Credit Card,48424.75271879868,0
355,55,37,3074.6341451562325,Monthly,Credit Card,113761.4633707806,0
356,62,25,2689.294570506516,Monthly,UPI,67232.3642626629,0
357,68,27,1698.4777211984567,Yearly,UPI,45858.898472358334,0
358,25,57,2955.603366437376,Yearly,Debit Card,168469.39188693042,0
359,44,31,3537.760919635426,Yearly,Credit Card,109670.5885086982,0
360,44,6,4404.617704545796,Yearly,UPI,26427.70622727478,1
361,51,40,3290.569363702466,Monthly,Credit Card,131622.77454809865,0
362,38,12,3877.2712241028426,Yearly,UPI,46527.25468923411,0
363,47,53,1052.336684286493,Monthly,Credit Card,55773.844267184126,0
364,50,71,2469.3201297730125,Yearly,Debit Card,175321.7292138839,0
365,45,10,343.8586131873385,Monthly,Credit Card,3438.586131873385,0
366,64,45,1459.3906632516282,Monthly,Credit Card,65672.57984632326,0
367,50,17,3714.3700610311225,Yearly,Credit Card,63144.29103752908,0
368,22,26,4961.5067713420085,Monthly,Credit Card,128999.17605489222,0
369,65,62,766.1370680599148,Yearly,Credit Card,47500.49821971472,0
370,36,46,2187.023284548055,Monthly,Debit Card,100603.07108921053,0
371,21,64,4060.33355288605,Yearly,UPI,259861.3473847072,0
372,52,2,1258.9674827558247,Monthly,Credit Card,2517.9349655116494,0
373,66,54,2908.8992617207455,Yearly,Debit Card,157080.56013292025,0
374,34,65,3745.4350913394715,Yearly,Credit Card,243453.28093706563,0
375,61,51,3195.1316162228413,Monthly,Credit Card,162951.7124273649,0
376,45,53,1183.7162526924558,Monthly,UPI,62736.961392700156,0
377,47,36,1970.3074728229753,Monthly,Credit Card,70931.06902162712,0
378,46,26,3983.821387081367,Monthly,Debit Card,103579.35606411553,0
379,63,29,2904.8646164204783,Yearly,Debit Card,84241.07387619387,0
380,23,21,324.57918365168985,Monthly,UPI,6816.162856685487,0
381,52,11,3876.656572132041,Yearly,Credit Card,42643.222293452454,1
382,58,40,465.9633682191236,Monthly,Debit Card,18638.534728764942,0
383,54,11,3804.948778836791,Yearly,Credit Card,41854.4365672047,1
384,41,36,1251.6586327766158,Yearly,Credit Card,45059.71077995817,0
385,46,59,4802.945356561087,Yearly,Credit Card,283373.7760371041,0
386,66,39,2029.321531119797,Yearly,UPI,79143.53971367209,0
387,63,54,1836.5785967889717,Monthly,Credit Card,99175.24422660447,0
388,48,55,999.77383656249,Monthly,Debit Card,54987.56101093695,0
389,52,24,1736.3398128040099,Yearly,Credit Card,41672.15550729624,0
390,50,22,4420.258580592543,Monthly,Debit Card,97245.68877303594,0
391,69,69,4982.771386848062,Monthly,Credit Card,343811.2256925163,0
392,38,56,2031.0547933821872,Yearly,Debit Card,113739.06842940248,0
393,49,33,2408.4699654863502,Monthly,Debit Card,79479.50886104956,0
394,40,36,3693.733409552864,Monthly,Credit Card,132974.4027439031,0
395,50,20,4465.12016818585,Monthly,Credit Card,89302.403363717,0
396,20,62,3087.3083706778857,Yearly,Debit Card,191413.11898202891,0
397,35,26,2140.170781435798,Monthly,UPI,55644.440317330744,0
398,42,66,2239.3226519885316,Yearly,Credit Card,147795.2950312431,0
399,59,40,3569.4052885349925,Monthly,UPI,142776.2115413997,0
400,48,17,315.1258389401098,Monthly,Credit Card,5357.139261981867,0
401,20,1,3212.069886061251,Monthly,Credit Card,3212.069886061251,1
402,57,61,1970.8171490743798,Yearly,Credit Card,120219.84609353717,0
403,63,43,4032.727457002296,Yearly,Credit Card,173407.28065109873,0
404,41,42,737.0560071687212,Monthly,UPI,30956.35230108629,0
405,67,25,3064.550654657435,Yearly,Credit Card,76613.76636643588,0
406,49,39,2560.5725824647816,Monthly,Debit Card,99862.33071612648,0
407,64,35,3318.9299717545687,Yearly,Debit Card,116162.54901140991,0
408,39,3,604.8118940699512,Yearly,UPI,1814.4356822098537,0
409,40,44,3025.923800912217,Monthly,Credit Card,133140.64724013754,0
410,19,51,2938.9775634097614,Monthly,Debit Card,149887.85573389783,0
411,44,12,2935.102443756003,Monthly,UPI,35221.22932507204,0
412,59,19,3136.3920330033375,Monthly,Credit Card,59591.448627063415,0
413,19,44,3479.3993049639025,Yearly,Debit Card,153093.5694184117,0
414,43,59,4083.448298499618,Yearly,Debit Card,240923.44961147747,0
415,34,49,1568.1573846026074,Yearly,UPI,76839.71184552777,0
416,57,61,4177.732227846292,Monthly,Credit Card,254841.6658986238,0
417,50,17,2641.801706638232,Monthly,Credit Card,44910.629012849946,0
418,26,57,662.1739119313565,Yearly,Debit Card,37743.91298008732,0
419,60,55,575.1893674467022,Monthly,Debit Card,31635.415209568622,0
420,65,47,1870.9200978714857,Yearly,Debit Card,87933.24459995983,0
421,56,12,3989.0157924238974,Yearly,Credit Card,47868.18950908677,0
422,46,62,3626.100393282304,Yearly,UPI,224818.22438350285,0
423,59,8,4006.49033396031,Yearly,UPI,32051.92267168248,1
424,43,21,2731.164565275564,Yearly,Credit Card,57354.45587078685,0
425,52,70,2368.9352903908057,Monthly,UPI,165825.4703273564,0
426,67,25,993.0268755195345,Monthly,Debit Card,24825.671887988363,0
427,42,12,1842.5059419637644,Monthly,UPI,22110.07130356517,0
428,41,15,2339.8910210172135,Yearly,UPI,35098.365315258205,0
429,30,59,716.422019494201,Yearly,UPI,42268.89915015786,0
430,24,26,1336.876177742693,Yearly,Debit Card,34758.78062131002,0
431,53,26,3111.6588820995726,Yearly,Credit Card,80903.13093458889,0
432,62,47,3757.6166369241923,Monthly,Debit Card,176607.98193543704,0
433,37,32,4992.233303546864,Monthly,Credit Card,159751.46571349964,0
434,18,10,4685.632657314721,Yearly,Credit Card,46856.326573147206,1
435,25,16,3320.0564378154004,Yearly,Credit Card,53120.903005046406,0
436,63,71,2279.8658504821387,Yearly,UPI,161870.47538423186,0
437,33,17,3290.033614128694,Monthly,UPI,55930.5714401878,0
438,31,23,3992.5626049770904,Monthly,Credit Card,91828.93991447309,0
439,29,26,856.1800973399204,Monthly,Credit Card,22260.68253083793,0
440,68,7,2226.552981572555,Yearly,UPI,15585.870871007884,1
441,40,14,4247.070742487401,Yearly,Debit Card,59458.99039482361,0
442,32,7,2104.014874085307,Monthly,Credit Card,14728.104118597148,1
443,45,9,2987.7996747677767,Yearly,Debit Card,26890.19707290999,1
444,51,48,3062.5159960523315,Monthly,UPI,147000.76781051193,0
445,19,59,1167.038389728105,Yearly,Credit Card,68855.26499395819,0
446,49,39,2002.5065757657553,Monthly,Debit Card,78097.75645486446,0
447,40,18,1872.203057087081,Yearly,Debit Card,33699.65502756746,0
448,39,59,423.12453010070453,Monthly,Debit Card,24964.347275941567,0
449,68,17,413.70129028936964,Monthly,UPI,7032.921934919284,0
450,42,14,4208.976105276135,Monthly,UPI,58925.66547386589,0
451,39,31,1583.4328068722184,Monthly,Debit Card,49086.41701303877,0
452,39,24,2734.9702013224323,Monthly,Debit Card,65639.28483173838,0
453,66,60,1704.0101958672333,Monthly,UPI,102240.61175203399,0
454,69,45,4721.192452042101,Yearly,Debit Card,212453.66034189455,0
455,59,3,1518.6947666691367,Yearly,Debit Card,4556.08430000741,0
456,23,37,2319.3870198729946,Yearly,UPI,85817.3197353008,0
457,32,43,4401.832177277629,Monthly,Debit Card,189278.78362293803,0
458,60,40,4257.0877639215005,Monthly,Debit Card,170283.51055686,0
459,54,55,1174.6766638775034,Yearly,Debit Card,64607.21651326269,0
460,50,39,4072.423556039839,Monthly,UPI,158824.51868555372,0
461,25,15,2453.4783676680954,Monthly,Debit Card,36802.17551502143,0
462,61,4,2569.9536988011696,Monthly,UPI,10279.814795204678,1
463,61,25,927.3558703549357,Monthly,UPI,23183.896758873394,0
464,22,13,678.8271146584859,Monthly,Credit Card,8824.752490560317,0
465,56,33,3721.314742776696,Yearly,Credit Card,122803.38651163098,0
466,21,16,2633.367416069909,Yearly,Debit Card,42133.87865711854,0
467,23,42,2353.1983022913437,Yearly,UPI,98834.32869623644,0
468,62,66,3728.6886746662644,Yearly,Credit Card,246093.45252797345,0
469,49,55,3897.910625258216,Yearly,Debit Card,214385.0843892019,0
470,69,42,1046.8683880459616,Monthly,Credit Card,43968.47229793039,0
471,47,34,3168.058202544914,Monthly,Credit Card,107713.97888652707,0
472,64,30,936.164186705122,Monthly,UPI,28084.92560115366,0
473,52,13,3831.462904336515,Monthly,UPI,49809.01775637469,0
474,57,13,3387.689234455556,Yearly,Credit Card,44039.96004792223,0
475,69,18,4796.088719092252,Yearly,Credit Card,86329.59694366054,0
476,33,32,624.1026768751796,Yearly,UPI,19971.285660005746,0
477,30,39,568.1571894108953,Monthly,Debit Card,22158.130387024918,0
478,67,46,1626.2792510580407,Yearly,UPI,74808.84554866987,0
479,59,29,1530.016713558758,Monthly,Credit Card,44370.48469320398,0
480,47,62,1460.8003556383992,Yearly,Debit Card,90569.62204958075,0
481,36,62,4559.396528448872,Yearly,Credit Card,282682.58476383006,0
482,34,57,1472.8671392926788,Monthly,Debit Card,83953.42693968269,0
483,36,16,1578.1637128045656,Monthly,Credit Card,25250.61940487305,0
484,45,56,3869.1718333644294,Yearly,Debit Card,216673.62266840803,0
485,43,10,2413.777259517538,Yearly,Debit Card,24137.77259517538,1
486,54,30,3950.539617689352,Monthly,Credit Card,118516.18853068055,0
487,43,25,607.2209405526106,Yearly,Debit Card,15180.523513815266,0
488,40,5,2591.584610264906,Yearly,UPI,12957.923051324531,1
489,26,65,457.9839208614284,Monthly,Credit Card,29768.954855992844,0
490,29,49,594.4700562401663,Yearly,UPI,29129.03275576815,0
491,18,3,4560.256030718731,Monthly,Credit Card,13680.768092156195,1
492,18,45,954.4532442526972,Yearly,Debit Card,42950.39599137138,0
493,64,14,2802.3772066935203,Monthly,Debit Card,39233.280893709285,0
494,51,30,2232.149332223321,Yearly,Debit Card,66964.47996669963,0
495,49,68,1932.5136334165607,Monthly,Credit Card,131410.92707232613,0
496,65,18,4529.21672473018,Yearly,UPI,81525.90104514326,0
497,42,62,402.56996484480067,Monthly,UPI,24959.33782037764,0
498,57,37,3419.8115250252686,Yearly,Credit Card,126533.02642593494,0
499,62,25,4827.953840803687,Yearly,Credit Card,120698.84602009217,0
500,18,48,2932.790462270657,Yearly,UPI,140773.94218899152,0
501,33,65,4703.065571555531,Yearly,UPI,305699.2621511095,0
502,56,53,545.6120326443117,Yearly,UPI,28917.437730148522,0
503,22,15,2268.3285996485583,Yearly,UPI,34024.928994728376,0
504,39,49,1522.7416175216404,Yearly,Credit Card,74614.33925856037,0
505,46,68,3734.85853540943,Yearly,Credit Card,253970.38040784124,0
506,20,12,4912.096325337059,Yearly,Debit Card,58945.15590404471,0
507,29,59,1505.6912934879647,Monthly,UPI,88835.78631578991,0
508,43,37,3374.62062692815,Monthly,Debit Card,124860.96319634156,0
509,33,61,1231.0588739707787,Yearly,Credit Card,75094.5913122175,0
510,68,43,2957.0521964865666,Monthly,Credit Card,127153.24444892236,0
511,54,70,2480.48268743518,Yearly,Debit Card,173633.78812046262,0
512,39,39,4868.425049268224,Yearly,UPI,189868.57692146074,0
513,46,56,3160.078181673393,Monthly,UPI,176964.37817371,0
514,31,63,1942.6799488080483,Yearly,UPI,122388.83677490705,0
515,45,46,836.2501889732869,Yearly,UPI,38467.5086927712,0
516,22,11,1010.8600950541925,Monthly,Debit Card,11119.461045596117,0
517,64,62,1358.989570770805,Monthly,Debit Card,84257.3533877899,0
518,66,25,1479.5433082994005,Yearly,Credit Card,36988.58270748501,0
519,47,71,4297.895471853348,Monthly,UPI,305150.5785015877,0
520,63,52,2937.747104927867,Monthly,UPI,152762.8494562491,0
521,69,4,2759.9372834595224,Yearly,UPI,11039.74913383809,1
522,22,59,839.4136977853221,Monthly,Debit Card,49525.408169334005,0
523,29,20,4342.656558742345,Monthly,UPI,86853.1311748469,0
524,33,63,3697.2272250798733,Yearly,Debit Card,232925.31518003202,0
525,43,54,618.0413009300074,Monthly,UPI,33374.230250220404,0
526,43,57,3626.8249569799127,Monthly,UPI,206729.022547855,0
527,65,41,2854.6296215104367,Yearly,Credit Card,117039.8144819279,0
528,38,3,684.1091250098577,Yearly,UPI,2052.327375029573,0
529,56,6,2454.013015184685,Yearly,UPI,14724.078091108111,1
530,53,5,2578.0725495112206,Monthly,Credit Card,12890.362747556102,1
531,50,5,1079.140338767396,Yearly,Debit Card,5395.701693836981,0
532,47,54,4744.781290901327,Yearly,Debit Card,256218.18970867168,0
533,54,47,4294.884245959111,Monthly,UPI,201859.5595600782,0
534,40,49,3444.404985446809,Yearly,Debit Card,168775.84428689364,0
535,27,9,2472.7891367028537,Yearly,UPI,22255.102230325683,1
536,22,20,2235.29804544719,Yearly,Credit Card,44705.9609089438,0
537,53,61,3359.575295609485,Yearly,Credit Card,204934.09303217859,0
538,51,35,2863.5297862124557,Monthly,UPI,100223.54251743596,0
539,69,50,592.6835976448624,Yearly,Credit Card,29634.17988224312,0
540,48,62,2708.762449220559,Yearly,Credit Card,167943.27185167465,0
541,27,17,4090.0970009943458,Monthly,UPI,69531.64901690387,0
542,36,3,2458.427424705703,Yearly,UPI,7375.2822741171085,1
543,49,32,544.1959145050615,Monthly,Credit Card,17414.26926416197,0
544,18,13,3995.5075371049556,Monthly,Debit Card,51941.59798236442,0
545,22,68,1246.4097760390796,Monthly,Debit Card,84755.86477065741,0
546,62,14,1515.5179239737822,Yearly,UPI,21217.25093563295,0
547,21,11,1074.1198611317907,Monthly,UPI,11815.318472449697,0
548,33,56,1852.0108048960385,Monthly,Debit Card,103712.60507417815,0
549,41,67,3856.7320767365845,Monthly,Credit Card,258401.04914135116,0
550,33,29,2741.1135396685054,Yearly,Debit Card,79492.29265038666,0
551,19,9,1262.941988508349,Yearly,Debit Card,11366.47789657514,0
552,66,67,4425.8013673145915,Yearly,Debit Card,296528.6916100776,0
553,45,25,4434.034718272187,Yearly,Debit Card,110850.86795680468,0
554,49,42,4391.718597716233,Yearly,UPI,184452.18110408177,0
555,44,9,1422.3421934932346,Yearly,UPI,12801.07974143911,0
556,37,40,2420.8249176506442,Yearly,Credit Card,96832.99670602576,0
557,41,25,4929.451383862113,Monthly,Credit Card,123236.28459655284,0
558,29,5,3928.458638656955,Monthly,Credit Card,19642.293193284775,1
559,67,11,427.68687976013115,Monthly,Credit Card,4704.555677361443,0
560,52,59,606.4615789243126,Monthly,Debit Card,35781.23315653444,0
561,50,38,2480.477471017964,Yearly,UPI,94258.14389868264,0
562,50,5,4573.334967549333,Monthly,UPI,22866.674837746665,1
563,68,48,2831.898450377757,Monthly,Credit Card,135931.12561813233,0
564,60,18,2639.718787761164,Monthly,Credit Card,47514.938179700956,0
565,54,70,795.7263897961637,Monthly,Debit Card,55700.84728573146,0
566,29,37,3386.866492204182,Yearly,Debit Card,125314.06021155474,0
567,20,60,4163.88485482106,Yearly,Credit Card,249833.0912892636,0
568,18,48,2087.974035285543,Yearly,UPI,100222.75369370606,0
569,50,28,3945.375699349039,Monthly,UPI,110470.5195817731,0
570,57,69,4833.040273333814,Yearly,UPI,333479.7788600332,0
571,27,40,1257.7023579001388,Monthly,Credit Card,50308.094316005554,0
572,60,45,2759.649266615284,Yearly,UPI,124184.21699768778,0
573,61,62,1649.548402997505,Yearly,Debit Card,102272.00098584531,0
574,46,58,4026.415769459045,Yearly,Debit Card,233532.1146286246,0
575,30,67,3014.68881964144,Yearly,Credit Card,201984.1509159765,0
576,29,56,3282.537362486428,Yearly,Debit Card,183822.09229923994,0
577,48,40,4050.196550194702,Monthly,Credit Card,162007.8620077881,0
578,63,40,2161.061221513538,Yearly,UPI,86442.44886054151,0
579,19,33,4600.9233215131035,Monthly,UPI,151830.46960993242,0
580,68,6,2805.2356760568578,Monthly,UPI,16831.414056341146,1
581,67,19,1042.3876673261357,Monthly,Debit Card,19805.365679196577,0
582,52,40,3570.7258553933716,Monthly,Credit Card,142829.03421573486,0
583,40,59,4028.3283470597958,Monthly,UPI,237671.37247652796,0
584,34,59,1788.7798822173754,Yearly,Credit Card,105538.01305082515,0
585,43,48,4328.74250789414,Yearly,UPI,207779.6403789187,0
586,25,41,4558.873297399102,Yearly,Debit Card,186913.80519336317,0
587,46,13,1601.451090675702,Yearly,Debit Card,20818.864178784126,0
588,43,45,4922.550921761544,Monthly,Credit Card,221514.79147926945,0
589,27,53,961.3441818291645,Yearly,Debit Card,50951.24163694572,0
590,43,42,1249.473641491703,Yearly,Debit Card,52477.892942651524,0
591,51,63,1165.8567444187229,Monthly,Credit Card,73448.97489837954,0
592,68,27,4501.751637036991,Monthly,UPI,121547.29419999877,0
593,58,38,3375.1749959273207,Yearly,Debit Card,128256.64984523818,0
594,24,60,1014.8901311446825,Yearly,Credit Card,60893.40786868095,0
595,21,7,2369.5200663312403,Monthly,Debit Card,16586.640464318683,1
596,67,5,3191.9007178280694,Yearly,Debit Card,15959.503589140348,1
597,62,45,692.2811994501014,Yearly,Debit Card,31152.653975254565,0
598,28,58,4447.356931514492,Yearly,Debit Card,257946.70202784054,0
599,46,31,4076.9366165752153,Yearly,Credit Card,126385.03511383168,0
600,53,23,2674.4718358101995,Monthly,Credit Card,61512.85222363459,0
601,42,42,4845.495091718101,Monthly,Credit Card,203510.79385216025,0
602,38,10,2263.4766025929684,Monthly,Debit Card,22634.766025929683,1
603,53,32,4925.318499471539,Yearly,Debit Card,157610.19198308926,0
604,27,53,3439.2239943770473,Yearly,Debit Card,182278.8717019835,0
605,54,30,3282.954984293525,Yearly,Credit Card,98488.64952880575,0
606,26,39,1079.9880078901895,Yearly,Debit Card,42119.53230771739,0
607,41,31,4445.060464031827,Yearly,UPI,137796.87438498664,0
608,52,2,2309.201533226891,Monthly,Debit Card,4618.403066453782,1
609,66,12,1062.497007177653,Yearly,UPI,12749.964086131835,0
610,52,39,359.2553438860675,Yearly,Debit Card,14010.958411556634,0
611,65,66,2930.8517131003982,Monthly,Credit Card,193436.2130646263,0
612,53,13,2778.778223976579,Yearly,Debit Card,36124.11691169553,0
613,35,46,3680.962025135045,Monthly,UPI,169324.25315621207,0
614,66,27,4484.21284918367,Monthly,UPI,121073.74692795909,0
615,56,17,673.2109478222387,Monthly,Debit Card,11444.586112978059,0
616,49,60,3738.033504599703,Monthly,UPI,224282.01027598217,0
617,41,64,1180.8361372586364,Monthly,UPI,75573.51278455273,0
618,40,35,4333.432149838671,Yearly,Credit Card,151670.1252443535,0
619,49,70,4149.598515149783,Monthly,Debit Card,290471.89606048487,0
620,54,30,2841.7306484320584,Monthly,Debit Card,85251.91945296175,0
621,29,71,3638.1411535295642,Yearly,Debit Card,258308.02190059907,0
622,66,63,1777.4455319636174,Yearly,UPI,111979.0685137079,0
623,30,28,2514.489124984229,Monthly,Debit Card,70405.69549955841,0
624,40,60,4161.693419239216,Yearly,Debit Card,249701.605154353,0
625,42,37,2458.5464267141056,Yearly,Credit Card,90966.21778842191,0
626,52,22,1981.6518470295764,Monthly,Credit Card,43596.34063465068,0
627,58,68,2622.7985020764095,Monthly,Credit Card,178350.29814119585,0
628,47,20,4192.771486454926,Yearly,UPI,83855.42972909853,0
629,34,68,1875.477822643102,Monthly,Debit Card,127532.49193973093,0
630,66,64,1116.6794877379957,Monthly,Credit Card,71467.48721523173,0
631,37,17,3646.4658955546697,Yearly,Credit Card,61989.920224429385,0
632,65,12,4182.097599727984,Monthly,Credit Card,50185.171196735806,0
633,42,22,772.9961490606066,Monthly,Debit Card,17005.915279333345,0
634,39,17,1427.4083299529402,Monthly,Debit Card,24265.941609199985,0
635,30,10,967.2683518766713,Monthly,Debit Card,9672.683518766713,0
636,36,65,1935.324634436183,Monthly,UPI,125796.1012383519,0
637,66,22,2416.6496008554395,Yearly,UPI,53166.29121881967,0
638,53,50,3819.4837837275404,Yearly,Credit Card,190974.189186377,0
639,29,14,3360.3936489438684,Monthly,Debit Card,47045.51108521416,0
640,58,64,3218.3642671486264,Yearly,Credit Card,205975.3130975121,0
641,36,47,1956.1622490653756,Monthly,Debit Card,91939.62570607265,0
642,29,29,4254.803499498372,Monthly,Debit Card,123389.30148545279,0
643,26,36,2515.0496867713737,Monthly,Debit Card,90541.78872376945,0
644,24,52,4901.793208671226,Monthly,UPI,254893.24685090376,0
645,45,7,3280.468049989963,Monthly,UPI,22963.276349929743,1
646,31,29,893.4442853531629,Yearly,Debit Card,25909.884275241722,0
647,48,11,3478.03454175454,Yearly,Credit Card,38258.37995929994,1
648,69,33,1827.9888725289852,Monthly,Debit Card,60323.63279345651,0
649,36,6,3525.737824424658,Yearly,Debit Card,21154.42694654795,1
650,64,32,627.313396363307,Monthly,Credit Card,20074.028683625824,0
651,33,51,1121.9427547270093,Yearly,Debit Card,57219.080491077475,0
652,22,58,4321.965116857196,Monthly,Credit Card,250673.97677771738,0
653,52,26,1367.74391801052,Yearly,UPI,35561.34186827352,0
654,29,46,4234.093288641818,Monthly,UPI,194768.29127752362,0
655,42,29,1612.597615735729,Monthly,Credit Card,46765.33085633614,0
656,69,4,3321.544977275926,Yearly,UPI,13286.179909103705,1
657,38,13,3562.5076954962055,Yearly,UPI,46312.60004145067,0
658,53,39,2709.477339781749,Monthly,Credit Card,105669.6162514882,0
659,40,15,1734.9601804746371,Yearly,UPI,26024.402707119556,0
660,33,29,1299.4285689441517,Monthly,Debit Card,37683.4284993804,0
661,56,29,455.9899664434032,Yearly,Debit Card,13223.709026858693,0
662,62,32,1728.548085831402,Yearly,Credit Card,55313.53874660486,0
663,59,2,3369.8651154970303,Monthly,UPI,6739.730230994061,1
664,56,47,4710.0326467078685,Yearly,Debit Card,221371.53439526982,0
665,31,22,4394.661066636345,Yearly,Debit Card,96682.5434659996,0
666,48,27,3900.504449715922,Monthly,UPI,105313.62014232989,0
667,22,67,4005.7025132905037,Yearly,UPI,268382.06839046377,0
668,52,56,3425.4290463371776,Monthly,Debit Card,191824.02659488196,0
669,40,21,1523.3482305602142,Monthly,Debit Card,31990.3128417645,0
670,46,47,4563.8166443174005,Monthly,Credit Card,214499.38228291782,0
671,60,59,3452.44186595742,Monthly,Credit Card,203694.07009148778,0
672,28,6,2934.0709656080676,Monthly,Debit Card,17604.425793648406,1
673,35,19,821.650505303361,Yearly,Credit Card,15611.359600763859,0
674,64,57,2401.1610558901993,Monthly,Debit Card,136866.18018574137,0
675,29,69,2463.6838746490535,Monthly,Debit Card,169994.1873507847,0
676,26,3,4363.448964756549,Yearly,Credit Card,13090.346894269645,1
677,27,1,2869.246634882606,Yearly,Credit Card,2869.246634882606,1
678,61,58,2087.8825801609255,Yearly,UPI,121097.18964933368,0
679,34,38,4890.961544000099,Monthly,UPI,185856.53867200375,0
680,55,15,820.3867886336836,Monthly,UPI,12305.801829505255,0
681,24,34,2285.9776130661394,Monthly,Debit Card,77723.23884424874,0
682,63,61,497.51597330560486,Yearly,Credit Card,30348.474371641896,0
683,30,35,3777.5493676045726,Monthly,Debit Card,132214.22786616004,0
684,57,64,4614.959795336008,Yearly,Credit Card,295357.4269015045,0
685,59,25,1616.1754488873003,Monthly,Debit Card,40404.386222182504,0
686,26,24,4334.2058809558675,Yearly,UPI,104020.94114294082,0
687,67,12,1673.4256831709195,Monthly,UPI,20081.108198051035,0
688,44,18,4580.619759726402,Monthly,UPI,82451.15567507524,0
689,19,15,3843.6209469048845,Monthly,Debit Card,57654.31420357327,0
690,22,27,4083.0618511547614,Yearly,Credit Card,110242.66998117855,0
691,46,60,384.63081132213614,Yearly,Credit Card,23077.84867932817,0
692,54,46,4825.208678247922,Monthly,UPI,221959.59919940442,0
693,55,17,3715.3536627305193,Monthly,UPI,63161.01226641883,0
694,36,53,1732.3301483148266,Monthly,UPI,91813.4978606858,0
695,25,8,4198.154924836581,Yearly,UPI,33585.23939869265,1
696,65,27,1623.1496325501707,Monthly,Credit Card,43825.04007885461,0
697,62,46,4401.943045960801,Monthly,Debit Card,202489.38011419686,0
698,18,50,829.127834936104,Monthly,Debit Card,41456.3917468052,0
699,39,71,3607.32409406574,Monthly,Debit Card,256120.01067866755,0
700,69,3,2841.2828402310784,Yearly,Debit Card,8523.848520693235,1
701,34,64,753.7120099185718,Yearly,UPI,48237.56863478859,0
702,24,44,1436.9009928165433,Monthly,UPI,63223.643683927905,0
703,42,53,358.2989705033795,Monthly,UPI,18989.845436679116,0
704,62,24,2503.2094376831774,Yearly,Debit Card,60077.02650439626,0
705,21,60,1715.9467255720017,Yearly,UPI,102956.8035343201,0
706,53,3,3112.2801761994665,Monthly,UPI,9336.840528598399,1
707,23,20,1697.0176962305009,Yearly,Credit Card,33940.35392461002,0
708,48,46,1709.619824082828,Yearly,Credit Card,78642.51190781008,0
709,36,15,3793.0080340385357,Monthly,UPI,56895.12051057804,0
710,61,25,526.2713290982613,Yearly,Credit Card,13156.783227456532,0
711,56,71,4543.60647740234,Yearly,Credit Card,322596.05989556614,0
712,44,17,4305.640209638553,Monthly,UPI,73195.8835638554,0
713,27,9,3438.6820111641105,Monthly,UPI,30948.138100476994,1
714,43,38,3088.141379504706,Yearly,UPI,117349.37242117884,0
715,36,48,4493.821741256365,Monthly,UPI,215703.44358030555,0
716,56,60,1171.0518437849578,Yearly,Debit Card,70263.11062709747,0
717,20,63,671.1550622968945,Monthly,Debit Card,42282.76892470435,0
718,62,2,1425.697798574829,Yearly,UPI,2851.395597149658,0
719,30,11,4034.5179098908943,Monthly,Credit Card,44379.697008799834,1
720,67,64,462.95025361447165,Yearly,UPI,29628.816231326186,0
721,45,21,3039.1921248924014,Yearly,UPI,63823.03462274043,0
722,37,18,4978.556326099157,Yearly,Credit Card,89614.01386978482,0
723,45,64,4321.7716410364355,Monthly,Debit Card,276593.3850263319,0
724,25,38,2750.7947385048706,Monthly,UPI,104530.20006318508,0
725,58,32,599.112273647219,Yearly,UPI,19171.59275671101,0
726,56,11,4207.455517612836,Yearly,Debit Card,46282.0106937412,1
727,18,45,3115.1989884328896,Monthly,Debit Card,140183.95447948002,0
728,20,33,840.1850861799641,Monthly,Credit Card,27726.107843938815,0
729,30,41,741.1292386697742,Monthly,Debit Card,30386.29878546074,0
730,45,8,4575.2460513519845,Monthly,Debit Card,36601.968410815876,1
731,66,11,3445.2412358089687,Monthly,Debit Card,37897.653593898656,1
732,42,51,4197.647956788751,Monthly,Credit Card,214080.0457962263,0
733,50,41,4431.200831326656,Yearly,Debit Card,181679.2340843929,0
734,55,17,2987.3300546271144,Monthly,Debit Card,50784.61092866094,0
735,23,46,2731.997853248694,Yearly,Credit Card,125671.90124943992,0
736,61,32,2323.008828508654,Monthly,Debit Card,74336.28251227693,0
737,62,54,1789.6489626182606,Monthly,Debit Card,96641.04398138607,0
738,49,20,2342.6010160359456,Yearly,Credit Card,46852.02032071891,0
739,62,33,3937.234381931735,Yearly,UPI,129928.73460374725,0
740,64,40,3129.0401257711183,Monthly,Credit Card,125161.60503084473,0
741,38,32,4494.8594627877765,Yearly,Debit Card,143835.50280920885,0
742,33,2,2383.8860675821825,Yearly,Debit Card,4767.772135164365,1
743,38,33,3153.321019978144,Yearly,Debit Card,104059.59365927875,0
744,28,30,3267.145499532347,Yearly,Credit Card,98014.36498597042,0
745,54,33,3080.97666283973,Monthly,Debit Card,101672.2298737111,0
746,53,26,3602.378733501927,Yearly,Debit Card,93661.8470710501,0
747,52,22,1415.9373013615896,Monthly,Credit Card,31150.62062995497,0
748,36,66,2708.109754465216,Monthly,UPI,178735.24379470426,0
749,37,38,789.856573199234,Monthly,UPI,30014.549781570895,0
750,35,46,2107.203239930619,Monthly,Debit Card,96931.34903680847,0
751,64,15,2592.0352225199426,Yearly,Credit Card,38880.528337799136,0
752,58,44,3365.4540198637205,Yearly,Debit Card,148079.9768740037,0
753,66,49,4767.4959471551565,Monthly,Credit Card,233607.30141060267,0
754,31,61,3123.0600127772727,Monthly,Credit Card,190506.66077941365,0
755,32,67,3794.891406029831,Monthly,UPI,254257.7242039987,0
756,48,6,2679.4504796274528,Monthly,UPI,16076.702877764717,1
757,18,9,3280.288947468757,Yearly,Credit Card,29522.600527218816,1
758,20,6,633.381415828735,Monthly,Debit Card,3800.2884949724103,0
759,33,32,1495.640429956681,Yearly,UPI,47860.49375861379,0
760,40,41,2000.709538064152,Monthly,Debit Card,82029.09106063024,0
761,28,8,2520.718768530614,Monthly,UPI,20165.75014824491,1
762,29,50,514.5491038612035,Monthly,UPI,25727.455193060177,0
763,27,62,958.1132585005931,Monthly,Debit Card,59403.02202703677,0
764,49,62,1601.0272466191373,Yearly,UPI,99263.68929038651,0
765,33,7,4866.203647234938,Yearly,UPI,34063.42553064457,1
766,25,4,1857.3309333843386,Yearly,Debit Card,7429.323733537354,0
767,55,6,2565.592973126788,Monthly,UPI,15393.557838760727,1
768,29,58,1221.6592498704467,Monthly,UPI,70856.23649248591,0
769,41,22,3170.666334056111,Yearly,UPI,69754.65934923444,0
770,45,26,1619.2111129250793,Yearly,Debit Card,42099.48893605206,0
771,25,3,1272.8651186606057,Monthly,Credit Card,3818.595355981817,0
772,45,41,2727.8913536961018,Monthly,Debit Card,111843.54550154017,0
773,53,60,325.8772560539779,Yearly,Credit Card,19552.63536323867,0
774,43,14,336.02095345135905,Monthly,UPI,4704.293348319026,0
775,25,12,1329.6234027787316,Monthly,Credit Card,15955.48083334478,0
776,67,12,472.5904037538594,Yearly,Debit Card,5671.084845046313,0
777,45,13,807.7210444142495,Monthly,Debit Card,10500.373577385244,0
778,45,25,1892.6450518921324,Yearly,UPI,47316.12629730331,0
779,54,45,4072.1526940251206,Monthly,Credit Card,183246.87123113044,0
780,58,19,2988.628623835714,Yearly,UPI,56783.94385287856,0
781,53,55,2709.538311995157,Monthly,UPI,149024.60715973363,0
782,44,45,1679.3974690781718,Yearly,Debit Card,75572.88610851773,0
783,34,8,4679.242481334237,Yearly,Credit Card,37433.939850673894,1
784,26,53,2165.970693814801,Yearly,Credit Card,114796.44677218446,0
785,50,55,709.336003940126,Yearly,Credit Card,39013.48021670693,0
786,37,32,3200.212625753666,Monthly,Credit Card,102406.80402411731,0
787,30,51,835.0404493400266,Monthly,UPI,42587.062916341354,0
788,45,44,1922.5487711679527,Yearly,UPI,84592.14593138992,0
789,65,70,2684.836111973702,Monthly,Debit Card,187938.52783815912,0
790,46,18,4408.845866020326,Monthly,UPI,79359.22558836587,0
791,30,22,2619.6689275985577,Monthly,UPI,57632.71640716827,0
792,63,37,3600.616200348822,Monthly,Debit Card,133222.7994129064,0
793,52,56,4966.239143295631,Monthly,Debit Card,278109.39202455536,0
794,23,59,917.9988635205136,Yearly,Debit Card,54161.9329477103,0
795,35,3,1591.2381699417417,Yearly,UPI,4773.714509825225,0
796,68,28,2154.507555308938,Yearly,UPI,60326.21154865027,0
797,22,35,2282.5924391325075,Yearly,Debit Card,79890.73536963777,0
798,64,61,2231.799053748065,Monthly,Debit Card,136139.74227863198,0
799,42,54,4565.771712015808,Monthly,Debit Card,246551.6724488536,0
800,19,63,3655.9534289942253,Yearly,UPI,230325.0660266362,0
801,27,7,3157.1545062263076,Monthly,UPI,22100.081543584154,1
802,47,49,1754.0517739550758,Monthly,Credit Card,85948.53692379872,0
803,67,31,4171.814805840086,Yearly,UPI,129326.25898104266,0
804,62,58,4788.784403979448,Monthly,UPI,277749.495430808,0
805,22,61,4159.6319279860645,Yearly,UPI,253737.54760714993,0
806,50,24,307.3559943999226,Yearly,Debit Card,7376.543865598143,0
807,18,20,3291.086439862013,Monthly,UPI,65821.72879724026,0
808,35,37,540.3362927778734,Monthly,Debit Card,19992.442832781315,0
809,49,4,1510.7539355684928,Yearly,Credit Card,6043.015742273971,0
810,64,20,579.7660916345269,Yearly,Credit Card,11595.321832690537,0
811,66,60,3137.8386288621223,Monthly,Debit Card,188270.31773172732,0
812,28,24,3526.972593415252,Yearly,Debit Card,84647.34224196605,0
813,38,50,838.091898909754,Yearly,Debit Card,41904.594945487705,0
814,43,49,2104.0427503114033,Yearly,UPI,103098.09476525876,0
815,42,51,2444.3115920910477,Monthly,Credit Card,124659.89119664344,0
816,39,36,2034.549202276308,Yearly,Debit Card,73243.77128194709,0
817,44,66,868.8175022804073,Monthly,UPI,57341.95515050688,0
818,66,34,2269.054613881134,Yearly,Credit Card,77147.85687195856,0
819,30,36,3830.5368246995654,Monthly,UPI,137899.32568918436,0
820,50,6,633.7360233063007,Yearly,Credit Card,3802.416139837804,0
821,51,39,676.8460661849463,Monthly,UPI,26396.996581212905,0
822,58,42,1967.4250716291258,Monthly,Credit Card,82631.85300842328,0
823,52,58,4726.110844608947,Monthly,Credit Card,274114.42898731894,0
824,18,12,3442.291439597696,Yearly,UPI,41307.497275172354,0
825,38,3,3489.7487963610547,Yearly,Debit Card,10469.246389083164,1
826,65,18,2001.0239569379653,Yearly,Credit Card,36018.431224883374,0
827,23,40,3090.2057186801308,Monthly,Debit Card,123608.22874720523,0
828,45,21,347.6165649303939,Yearly,UPI,7299.947863538272,0
829,34,15,3289.6514181248485,Monthly,Debit Card,49344.77127187273,0
830,22,26,4592.448653608312,Yearly,Debit Card,119403.66499381611,0
831,48,8,3179.09530122065,Monthly,Debit Card,25432.7624097652,1
832,22,42,4406.383389291822,Monthly,Debit Card,185068.10235025652,0
833,55,44,3702.673360690641,Monthly,Debit Card,162917.6278703882,0
834,20,14,866.6245570973442,Yearly,Credit Card,12132.74379936282,0
835,40,2,4541.5305442434565,Yearly,Credit Card,9083.061088486913,1
836,54,37,612.286068472142,Yearly,Credit Card,22654.584533469253,0
837,54,69,2809.6471209744896,Monthly,UPI,193865.6513472398,0
838,27,38,968.044481829251,Monthly,Debit Card,36785.69030951154,0
839,27,41,355.0210704352491,Yearly,Credit Card,14555.863887845213,0
840,36,62,2283.5610225999035,Yearly,UPI,141580.78340119403,0
841,34,60,1686.6913259745343,Yearly,Credit Card,101201.47955847206,0
842,38,14,2584.202320848734,Monthly,Credit Card,36178.83249188228,0
843,31,2,3012.839467652389,Monthly,Debit Card,6025.678935304778,1
844,26,70,505.57363985205257,Monthly,UPI,35390.15478964368,0
845,63,17,878.1154870816044,Monthly,Debit Card,14927.963280387276,0
846,18,28,2925.619263316999,Monthly,Debit Card,81917.33937287597,0
847,68,66,1912.8865599114936,Yearly,Credit Card,126250.51295415858,0
848,62,35,3727.1153914824054,Monthly,Debit Card,130449.03870188419,0
849,30,5,3365.7707483821164,Monthly,UPI,16828.85374191058,1
850,21,65,4274.340506052562,Monthly,Debit Card,277832.1328934165,0
851,18,40,3554.7162853453588,Monthly,Debit Card,142188.65141381434,0
852,66,56,2320.6760637336965,Monthly,Debit Card,129957.85956908701,0
853,57,36,3462.943125253832,Yearly,Credit Card,124665.95250913795,0
854,49,45,1594.2915190004671,Monthly,UPI,71743.11835502103,0
855,51,23,1739.6734442575996,Monthly,Credit Card,40012.48921792479,0
856,45,47,4008.2302516277286,Monthly,Credit Card,188386.82182650323,0
857,48,31,2398.171727087436,Yearly,Credit Card,74343.32353971052,0
858,25,11,4052.387600436257,Yearly,Credit Card,44576.26360479883,1
859,56,10,4165.385156240909,Yearly,Credit Card,41653.851562409094,1
860,43,67,4330.542987008033,Monthly,UPI,290146.38012953824,0
861,51,14,4608.185608453675,Yearly,Debit Card,64514.59851835145,0
862,20,10,2325.6305364124923,Monthly,Credit Card,23256.305364124924,1
863,67,1,1798.6740461093525,Monthly,Credit Card,1798.6740461093525,0
864,29,5,3036.334108992335,Yearly,UPI,15181.670544961675,1
865,18,20,2044.5103901568496,Monthly,UPI,40890.20780313699,0
866,61,8,3125.048583961095,Monthly,Debit Card,25000.38867168876,1
867,22,43,3616.253554425976,Monthly,UPI,155498.90284031697,0
868,47,1,3535.5035869130434,Yearly,Debit Card,3535.5035869130434,1
869,47,57,2060.3985689945703,Monthly,Credit Card,117442.71843269051,0
870,34,64,1084.2429479841383,Monthly,Credit Card,69391.54867098485,0
871,65,28,2323.4878907723755,Yearly,Debit Card,65057.66094162651,0
872,64,37,970.192477184971,Monthly,UPI,35897.12165584393,0
873,40,47,4483.456065363899,Monthly,Debit Card,210722.43507210325,0
874,32,37,1925.6240654679298,Yearly,UPI,71248.0904223134,0
875,54,49,1025.9608119496218,Monthly,Credit Card,50272.07978553147,0
876,38,44,419.6044715570291,Monthly,UPI,18462.59674850928,0
877,31,56,3335.365215546476,Monthly,Debit Card,186780.45207060265,0
878,19,28,3293.440892037293,Monthly,Debit Card,92216.34497704421,0
879,28,6,1900.839582932071,Monthly,Credit Card,11405.037497592426,0
880,68,61,637.0458775839597,Yearly,UPI,38859.79853262154,0
881,56,20,2225.2558060075908,Yearly,UPI,44505.11612015181,0
882,55,2,1762.7222267979498,Yearly,UPI,3525.4444535958996,0
883,51,37,3482.467006754544,Yearly,Credit Card,128851.27924991812,0
884,55,20,3147.162472427645,Monthly,UPI,62943.249448552895,0
885,67,26,2013.590522528438,Monthly,Debit Card,52353.35358573939,0
886,51,29,1324.0950049984535,Monthly,UPI,38398.755144955154,0
887,35,1,4943.769040931282,Monthly,Credit Card,4943.769040931282,1
888,47,35,2433.80761962174,Monthly,UPI,85183.2666867609,0
889,32,70,3534.888908167114,Yearly,UPI,247442.22357169798,0
890,44,59,960.5989476182956,Yearly,Debit Card,56675.33790947944,0
891,68,69,2582.2715883991696,Monthly,UPI,178176.7395995427,0
892,51,33,429.42258338648776,Monthly,Debit Card,14170.945251754096,0
893,69,51,2675.6390541791147,Monthly,Debit Card,136457.59176313484,0
894,55,12,4830.881813453201,Yearly,Credit Card,57970.581761438414,0
895,50,20,2105.771551033261,Monthly,Debit Card,42115.431020665215,0
896,41,53,483.28125910208445,Monthly,Debit Card,25613.906732410476,0
897,32,43,445.4922173209146,Monthly,Credit Card,19156.16534479933,0
898,47,50,2123.5377717502865,Yearly,Debit Card,106176.88858751433,0
899,59,29,1052.117201377012,Monthly,Credit Card,30511.398839933347,0
900,68,57,409.75485274247376,Yearly,UPI,23356.026606321004,0
901,34,39,3854.2039855658313,Yearly,Credit Card,150313.95543706743,0
902,22,56,2455.058141744886,Yearly,Debit Card,137483.25593771363,0
903,46,43,1659.4504282714763,Yearly,Credit Card,71356.36841567348,0
904,21,50,4530.390960177459,Yearly,Debit Card,226519.54800887298,0
905,27,23,845.8531129424704,Yearly,UPI,19454.621597676818,0
906,34,44,4792.818496090001,Monthly,Credit Card,210884.01382796004,0
907,27,38,1775.6435716735582,Monthly,UPI,67474.45572359521,0
908,34,23,4475.497259850802,Monthly,Debit Card,102936.43697656845,0
909,37,45,3133.8315194534694,Yearly,Debit Card,141022.41837540612,0
910,41,52,4185.524590784991,Monthly,UPI,217647.27872081954,0
911,22,50,4924.861867089182,Yearly,Credit Card,246243.0933544591,0
912,51,8,1655.5055577481048,Yearly,Credit Card,13244.044461984839,0
913,23,1,4817.336781415687,Yearly,Debit Card,4817.336781415687,1
914,19,8,2130.5649060413757,Monthly,UPI,17044.519248331006,1
915,30,29,2111.905952263535,Yearly,UPI,61245.27261564251,0
916,60,5,1899.8193899961768,Yearly,Credit Card,9499.096949980883,0
917,60,47,2844.6157545336505,Monthly,Credit Card,133696.94046308158,0
918,65,34,1024.4817029388894,Monthly,Credit Card,34832.37789992224,0
919,28,65,2902.4439811826524,Yearly,UPI,188658.8587768724,0
920,68,55,2846.012618327019,Yearly,Credit Card,156530.69400798605,0
921,64,43,3880.938519242889,Monthly,Credit Card,166880.35632744423,0
922,40,30,4218.154821106652,Monthly,Debit Card,126544.64463319955,0
923,33,17,2370.074346468393,Monthly,Credit Card,40291.263889962676,0
924,48,26,1720.9662719520206,Yearly,Credit Card,44745.12307075254,0
925,28,8,1518.874017390344,Monthly,UPI,12150.992139122753,0
926,33,47,1214.732032512898,Monthly,UPI,57092.40552810621,0
927,25,46,570.943636335417,Monthly,Debit Card,26263.40727142918,0
928,21,68,1909.5055005231527,Yearly,Credit Card,129846.37403557438,0
929,57,33,1570.1641530146812,Monthly,Debit Card,51815.41704948448,0
930,21,1,4842.161713572114,Monthly,UPI,4842.161713572114,1
931,42,19,2921.2314833752066,Monthly,Debit Card,55503.39818412893,0
932,20,31,1932.2020834433854,Monthly,UPI,59898.26458674495,0
933,49,14,3028.197724670371,Monthly,Debit Card,42394.76814538519,0
934,20,53,954.2244963247689,Yearly,Debit Card,50573.89830521275,0
935,44,48,2387.0056212503537,Yearly,Credit Card,114576.26982001698,0
936,46,69,3243.301310679,Yearly,Debit Card,223787.790436851,0
937,49,62,2597.8198094245217,Monthly,Credit Card,161064.82818432036,0
938,67,66,2188.360363075324,Yearly,Credit Card,144431.78396297139,0
939,68,64,4971.087427828581,Yearly,Credit Card,318149.5953810292,0
940,36,70,4437.479382099957,Yearly,Credit Card,310623.55674699694,0
941,38,63,3230.0080033493687,Monthly,Debit Card,203490.50421101024,0
942,22,33,2976.073597556729,Monthly,UPI,98210.42871937205,0
943,35,41,3217.104255175545,Yearly,UPI,131901.27446219735,0
944,45,48,1246.1669067654361,Yearly,UPI,59816.011524740934,0
945,59,13,2157.1473933422976,Monthly,Debit Card,28042.916113449868,0
946,39,31,485.4598045872268,Monthly,Credit Card,15049.253942204032,0
947,38,68,2535.0663761880855,Yearly,UPI,172384.51358078982,0
948,23,4,2852.215544601017,Monthly,Debit Card,11408.862178404068,1
949,18,19,1370.423759685085,Yearly,Credit Card,26038.051434016616,0
950,22,70,4830.935581677914,Monthly,UPI,338165.490717454,0
951,58,13,4574.4366714050375,Yearly,Credit Card,59467.67672826549,0
952,29,23,3694.0732066427577,Yearly,UPI,84963.68375278343,0
953,43,1,2806.917155197204,Monthly,UPI,2806.917155197204,1
954,63,54,4388.855050344119,Yearly,UPI,236998.17271858244,0
955,51,71,914.0660159702757,Yearly,Credit Card,64898.68713388957,0
956,66,15,4015.3960330919595,Yearly,Debit Card,60230.94049637939,0
957,31,65,886.657825644187,Monthly,Credit Card,57632.758666872156,0
958,43,71,4032.7901139822056,Monthly,UPI,286328.0980927366,0
959,62,15,1596.1075707813777,Monthly,Credit Card,23941.613561720667,0
960,44,21,4422.325730785488,Yearly,Debit Card,92868.84034649526,0
961,26,19,4736.997840979369,Monthly,Credit Card,90002.95897860802,0
962,43,60,999.3410562040435,Yearly,Debit Card,59960.46337224261,0
963,64,33,2474.5753438073493,Yearly,Debit Card,81660.98634564252,0
964,39,49,4910.64067736462,Monthly,Credit Card,240621.3931908664,0
965,64,35,2572.014949073789,Monthly,UPI,90020.52321758261,0
966,47,44,4358.673355818362,Yearly,Debit Card,191781.62765600794,0
967,60,11,3067.0381540172034,Yearly,Credit Card,33737.41969418924,1
968,65,66,2064.050567222129,Monthly,Debit Card,136227.3374366605,0
969,34,46,1643.18271097159,Monthly,UPI,75586.40470469314,0
970,43,9,1255.1485281046103,Monthly,Credit Card,11296.336752941492,0
971,53,3,3880.451499475177,Yearly,Credit Card,11641.354498425531,1
972,18,26,2116.740382068231,Yearly,Credit Card,55035.24993377401,0
973,25,48,2702.9946723435305,Yearly,UPI,129743.74427248946,0
974,66,66,2613.929756005555,Yearly,Debit Card,172519.36389636665,0
975,52,70,3013.211437395717,Yearly,Credit Card,210924.80061770018,0
976,69,28,4368.212584435396,Monthly,Debit Card,122309.9523641911,0
977,32,26,4909.474914842118,Monthly,Debit Card,127646.34778589506,0
978,64,25,2215.64578029694,Yearly,UPI,55391.144507423494,0
979,39,12,4189.338933899624,Yearly,Credit Card,50272.06720679549,0
980,31,5,3893.280634877173,Monthly,Debit Card,19466.403174385865,1
981,43,48,2995.586071841194,Monthly,Credit Card,143788.13144837733,0
982,45,37,4793.421574976085,Monthly,Credit Card,177356.59827411515,0
983,40,44,1242.2302229834931,Monthly,UPI,54658.1298112737,0
984,31,15,813.5417884552206,Yearly,Credit Card,12203.12682682831,0
985,41,43,4313.621244690485,Monthly,Credit Card,185485.71352169084,0
986,19,48,2364.004138178617,Yearly,Debit Card,113472.1986325736,0
987,62,70,4280.753614773184,Monthly,UPI,299652.7530341229,0
988,43,46,4497.52396441845,Monthly,Credit Card,206886.1023632487,0
989,31,43,593.5506900096358,Monthly,Debit Card,25522.679670414338,0
990,68,21,4452.284386034486,Yearly,UPI,93497.97210672419,0
991,24,23,2407.099560236284,Yearly,UPI,55363.28988543453,0
992,20,47,2699.0326983198916,Monthly,Debit Card,126854.5368210349,0
993,64,15,3244.984802138088,Yearly,Debit Card,48674.77203207132,0
994,40,25,4653.998251631408,Yearly,Debit Card,116349.9562907852,0
995,63,36,389.84564381989094,Monthly,Debit Card,14034.443177516074,0
996,60,51,2541.1643010937405,Monthly,Debit Card,129599.37935578077,0
997,64,15,3532.293599423635,Yearly,Credit Card,52984.40399135453,0
998,62,68,3696.7227011816735,Yearly,Credit Card,251377.1436803538,0
999,35,21,3554.9024282244077,Yearly,UPI,74652.95099271256,0
1000,55,13,931.8451082181728,Monthly,Credit Card,12113.986406836246,0
